Compound,Date,Negative,Neutral,Positive,Tweets Ago,Username
0.2732,Wed Apr 11 19:03:05 +0000 2018,0.0,0.89,0.11,1,@BBC
0.1531,Wed Apr 11 18:00:22 +0000 2018,0.0,0.814,0.186,2,@BBC
0.0,Wed Apr 11 16:24:06 +0000 2018,0.0,1.0,0.0,3,@BBC
0.4939,Wed Apr 11 16:00:22 +0000 2018,0.146,0.538,0.315,4,@BBC
0.0,Wed Apr 11 14:01:05 +0000 2018,0.0,1.0,0.0,5,@BBC
0.0,Wed Apr 11 13:04:48 +0000 2018,0.0,1.0,0.0,6,@BBC
0.0,Wed Apr 11 12:42:05 +0000 2018,0.0,1.0,0.0,7,@BBC
-0.4803,Wed Apr 11 12:21:33 +0000 2018,0.221,0.779,0.0,8,@BBC
0.0,Wed Apr 11 12:03:02 +0000 2018,0.0,1.0,0.0,9,@BBC
-0.0752,Wed Apr 11 11:28:06 +0000 2018,0.132,0.681,0.187,10,@BBC
0.3612,Wed Apr 11 11:01:05 +0000 2018,0.0,0.848,0.152,11,@BBC
0.0,Wed Apr 11 10:00:57 +0000 2018,0.0,1.0,0.0,12,@BBC
-0.3595,Wed Apr 11 09:37:34 +0000 2018,0.151,0.849,0.0,13,@BBC
0.5106,Wed Apr 11 09:07:39 +0000 2018,0.0,0.798,0.202,14,@BBC
0.1779,Wed Apr 11 08:49:25 +0000 2018,0.238,0.476,0.286,15,@BBC
0.4522,Wed Apr 11 08:01:02 +0000 2018,0.0,0.852,0.148,16,@BBC
0.0,Wed Apr 11 07:28:07 +0000 2018,0.0,1.0,0.0,17,@BBC
0.0,Wed Apr 11 07:00:19 +0000 2018,0.0,1.0,0.0,18,@BBC
-0.4927,Tue Apr 10 18:42:00 +0000 2018,0.158,0.842,0.0,19,@BBC
-0.5106,Tue Apr 10 18:00:27 +0000 2018,0.216,0.784,0.0,20,@BBC
0.2732,Wed Apr 11 19:03:05 +0000 2018,0.0,0.89,0.11,21,@BBC
0.1531,Wed Apr 11 18:00:22 +0000 2018,0.0,0.814,0.186,22,@BBC
0.0,Wed Apr 11 16:24:06 +0000 2018,0.0,1.0,0.0,23,@BBC
0.4939,Wed Apr 11 16:00:22 +0000 2018,0.146,0.538,0.315,24,@BBC
0.0,Wed Apr 11 14:01:05 +0000 2018,0.0,1.0,0.0,25,@BBC
0.0,Wed Apr 11 13:04:48 +0000 2018,0.0,1.0,0.0,26,@BBC
0.0,Wed Apr 11 12:42:05 +0000 2018,0.0,1.0,0.0,27,@BBC
-0.4803,Wed Apr 11 12:21:33 +0000 2018,0.221,0.779,0.0,28,@BBC
0.0,Wed Apr 11 12:03:02 +0000 2018,0.0,1.0,0.0,29,@BBC
-0.0752,Wed Apr 11 11:28:06 +0000 2018,0.132,0.681,0.187,30,@BBC
0.3612,Wed Apr 11 11:01:05 +0000 2018,0.0,0.848,0.152,31,@BBC
0.0,Wed Apr 11 10:00:57 +0000 2018,0.0,1.0,0.0,32,@BBC
-0.3595,Wed Apr 11 09:37:34 +0000 2018,0.151,0.849,0.0,33,@BBC
0.5106,Wed Apr 11 09:07:39 +0000 2018,0.0,0.798,0.202,34,@BBC
0.1779,Wed Apr 11 08:49:25 +0000 2018,0.238,0.476,0.286,35,@BBC
0.4522,Wed Apr 11 08:01:02 +0000 2018,0.0,0.852,0.148,36,@BBC
0.0,Wed Apr 11 07:28:07 +0000 2018,0.0,1.0,0.0,37,@BBC
0.0,Wed Apr 11 07:00:19 +0000 2018,0.0,1.0,0.0,38,@BBC
-0.4927,Tue Apr 10 18:42:00 +0000 2018,0.158,0.842,0.0,39,@BBC
-0.5106,Tue Apr 10 18:00:27 +0000 2018,0.216,0.784,0.0,40,@BBC
0.0,Tue Apr 10 16:58:05 +0000 2018,0.0,1.0,0.0,41,@BBC
0.0,Tue Apr 10 16:34:54 +0000 2018,0.0,1.0,0.0,42,@BBC
0.0,Tue Apr 10 16:32:08 +0000 2018,0.0,1.0,0.0,43,@BBC
0.4227,Tue Apr 10 16:02:03 +0000 2018,0.15,0.514,0.336,44,@BBC
0.6705,Tue Apr 10 15:47:43 +0000 2018,0.066,0.726,0.208,45,@BBC
0.7351,Tue Apr 10 15:28:35 +0000 2018,0.0,0.763,0.237,46,@BBC
0.8126,Tue Apr 10 15:25:18 +0000 2018,0.0,0.732,0.268,47,@BBC
0.4939,Tue Apr 10 15:18:36 +0000 2018,0.0,0.789,0.211,48,@BBC
0.6249,Tue Apr 10 14:34:14 +0000 2018,0.0,0.796,0.204,49,@BBC
0.5423,Tue Apr 10 13:00:36 +0000 2018,0.0,0.774,0.226,50,@BBC
-0.5574,Tue Apr 10 12:00:17 +0000 2018,0.375,0.625,0.0,51,@BBC
-0.6997,Tue Apr 10 11:00:18 +0000 2018,0.225,0.775,0.0,52,@BBC
0.5093,Tue Apr 10 10:16:15 +0000 2018,0.0,0.82,0.18,53,@BBC
0.0,Tue Apr 10 10:12:47 +0000 2018,0.0,1.0,0.0,54,@BBC
-0.296,Tue Apr 10 09:44:17 +0000 2018,0.121,0.879,0.0,55,@BBC
-0.1779,Tue Apr 10 09:34:46 +0000 2018,0.097,0.837,0.066,56,@BBC
0.6369,Tue Apr 10 09:05:51 +0000 2018,0.0,0.708,0.292,57,@BBC
0.7096,Tue Apr 10 09:05:17 +0000 2018,0.0,0.796,0.204,58,@BBC
-0.128,Tue Apr 10 08:01:08 +0000 2018,0.189,0.651,0.16,59,@BBC
0.0,Tue Apr 10 07:27:02 +0000 2018,0.0,1.0,0.0,60,@BBC
0.2716,Tue Apr 10 07:01:02 +0000 2018,0.0,0.827,0.173,61,@BBC
-0.5994,Mon Apr 09 19:01:07 +0000 2018,0.17,0.83,0.0,62,@BBC
-0.0772,Mon Apr 09 18:04:06 +0000 2018,0.064,0.936,0.0,63,@BBC
0.7184,Mon Apr 09 17:02:07 +0000 2018,0.0,0.727,0.273,64,@BBC
0.0,Mon Apr 09 16:43:45 +0000 2018,0.0,1.0,0.0,65,@BBC
0.0,Mon Apr 09 16:34:07 +0000 2018,0.0,1.0,0.0,66,@BBC
0.0,Mon Apr 09 16:26:04 +0000 2018,0.0,1.0,0.0,67,@BBC
0.6239,Mon Apr 09 16:04:04 +0000 2018,0.0,0.494,0.506,68,@BBC
0.4003,Mon Apr 09 15:42:30 +0000 2018,0.0,0.856,0.144,69,@BBC
0.5411,Mon Apr 09 15:29:26 +0000 2018,0.0,0.811,0.189,70,@BBC
0.5267,Mon Apr 09 15:07:08 +0000 2018,0.0,0.793,0.207,71,@BBC
0.5267,Mon Apr 09 14:02:03 +0000 2018,0.0,0.855,0.145,72,@BBC
0.4404,Mon Apr 09 13:01:05 +0000 2018,0.0,0.707,0.293,73,@BBC
0.0,Mon Apr 09 12:31:27 +0000 2018,0.0,1.0,0.0,74,@BBC
0.0,Mon Apr 09 12:28:16 +0000 2018,0.0,1.0,0.0,75,@BBC
0.34,Mon Apr 09 12:14:30 +0000 2018,0.0,0.888,0.112,76,@BBC
0.6705,Mon Apr 09 12:12:54 +0000 2018,0.0,0.792,0.208,77,@BBC
0.0,Mon Apr 09 12:02:02 +0000 2018,0.0,1.0,0.0,78,@BBC
0.0,Mon Apr 09 11:50:07 +0000 2018,0.0,1.0,0.0,79,@BBC
-0.2023,Mon Apr 09 11:27:01 +0000 2018,0.098,0.833,0.068,80,@BBC
0.6757,Mon Apr 09 11:16:03 +0000 2018,0.083,0.649,0.268,81,@BBC
0.0,Mon Apr 09 10:41:24 +0000 2018,0.0,1.0,0.0,82,@BBC
0.0,Mon Apr 09 08:56:59 +0000 2018,0.0,1.0,0.0,83,@BBC
-0.3252,Mon Apr 09 08:40:53 +0000 2018,0.109,0.891,0.0,84,@BBC
0.0,Mon Apr 09 08:01:01 +0000 2018,0.0,1.0,0.0,85,@BBC
-0.3182,Mon Apr 09 07:27:04 +0000 2018,0.103,0.897,0.0,86,@BBC
0.0,Mon Apr 09 07:00:14 +0000 2018,0.0,1.0,0.0,87,@BBC
0.0,Sun Apr 08 19:02:05 +0000 2018,0.0,1.0,0.0,88,@BBC
0.4939,Sun Apr 08 18:03:03 +0000 2018,0.0,0.686,0.314,89,@BBC
0.25,Sun Apr 08 17:25:08 +0000 2018,0.088,0.765,0.147,90,@BBC
0.0,Sun Apr 08 17:07:02 +0000 2018,0.0,1.0,0.0,91,@BBC
0.0,Sun Apr 08 16:40:55 +0000 2018,0.0,1.0,0.0,92,@BBC
-0.2263,Sun Apr 08 16:07:03 +0000 2018,0.106,0.894,0.0,93,@BBC
0.0,Sun Apr 08 15:31:00 +0000 2018,0.0,1.0,0.0,94,@BBC
0.0,Sun Apr 08 15:11:04 +0000 2018,0.0,1.0,0.0,95,@BBC
-0.2023,Sun Apr 08 13:54:07 +0000 2018,0.189,0.811,0.0,96,@BBC
0.875,Sun Apr 08 13:23:39 +0000 2018,0.0,0.607,0.393,97,@BBC
0.2732,Sun Apr 08 13:03:04 +0000 2018,0.0,0.488,0.512,98,@BBC
-0.0772,Sun Apr 08 11:00:15 +0000 2018,0.064,0.936,0.0,99,@BBC
0.5859,Sun Apr 08 10:15:06 +0000 2018,0.0,0.787,0.213,100,@BBC
0.0,Wed Apr 11 23:19:26 +0000 2018,0.0,1.0,0.0,101,@CBS
0.296,Wed Apr 11 22:24:38 +0000 2018,0.0,0.891,0.109,102,@CBS
0.6809,Wed Apr 11 14:58:56 +0000 2018,0.213,0.449,0.338,103,@CBS
0.5574,Wed Apr 11 14:07:00 +0000 2018,0.0,0.805,0.195,104,@CBS
0.0,Wed Apr 11 13:35:30 +0000 2018,0.0,1.0,0.0,105,@CBS
0.3612,Wed Apr 11 06:04:57 +0000 2018,0.0,0.839,0.161,106,@CBS
0.0,Wed Apr 11 02:59:21 +0000 2018,0.0,1.0,0.0,107,@CBS
0.0,Wed Apr 11 02:57:55 +0000 2018,0.0,1.0,0.0,108,@CBS
0.6369,Wed Apr 11 02:53:37 +0000 2018,0.0,0.682,0.318,109,@CBS
0.8074,Wed Apr 11 02:47:45 +0000 2018,0.0,0.644,0.356,110,@CBS
0.4404,Wed Apr 11 02:37:54 +0000 2018,0.062,0.793,0.145,111,@CBS
0.4215,Wed Apr 11 02:26:33 +0000 2018,0.0,0.682,0.318,112,@CBS
0.6885,Wed Apr 11 02:20:41 +0000 2018,0.0,0.735,0.265,113,@CBS
-0.4939,Wed Apr 11 01:58:24 +0000 2018,0.127,0.873,0.0,114,@CBS
0.8957,Wed Apr 11 01:54:55 +0000 2018,0.0,0.625,0.375,115,@CBS
0.6597,Wed Apr 11 01:50:01 +0000 2018,0.0,0.649,0.351,116,@CBS
0.0,Wed Apr 11 01:36:16 +0000 2018,0.0,1.0,0.0,117,@CBS
0.5267,Wed Apr 11 01:35:24 +0000 2018,0.0,0.848,0.152,118,@CBS
0.5719,Wed Apr 11 01:30:21 +0000 2018,0.0,0.709,0.291,119,@CBS
0.8779,Wed Apr 11 01:28:02 +0000 2018,0.0,0.653,0.347,120,@CBS
0.0,Wed Apr 11 23:19:26 +0000 2018,0.0,1.0,0.0,121,@CBS
0.296,Wed Apr 11 22:24:38 +0000 2018,0.0,0.891,0.109,122,@CBS
0.6809,Wed Apr 11 14:58:56 +0000 2018,0.213,0.449,0.338,123,@CBS
0.5574,Wed Apr 11 14:07:00 +0000 2018,0.0,0.805,0.195,124,@CBS
0.0,Wed Apr 11 13:35:30 +0000 2018,0.0,1.0,0.0,125,@CBS
0.3612,Wed Apr 11 06:04:57 +0000 2018,0.0,0.839,0.161,126,@CBS
0.0,Wed Apr 11 02:59:21 +0000 2018,0.0,1.0,0.0,127,@CBS
0.0,Wed Apr 11 02:57:55 +0000 2018,0.0,1.0,0.0,128,@CBS
0.6369,Wed Apr 11 02:53:37 +0000 2018,0.0,0.682,0.318,129,@CBS
0.8074,Wed Apr 11 02:47:45 +0000 2018,0.0,0.644,0.356,130,@CBS
0.4404,Wed Apr 11 02:37:54 +0000 2018,0.062,0.793,0.145,131,@CBS
0.4215,Wed Apr 11 02:26:33 +0000 2018,0.0,0.682,0.318,132,@CBS
0.6885,Wed Apr 11 02:20:41 +0000 2018,0.0,0.735,0.265,133,@CBS
-0.4939,Wed Apr 11 01:58:24 +0000 2018,0.127,0.873,0.0,134,@CBS
0.8957,Wed Apr 11 01:54:55 +0000 2018,0.0,0.625,0.375,135,@CBS
0.6597,Wed Apr 11 01:50:01 +0000 2018,0.0,0.649,0.351,136,@CBS
0.0,Wed Apr 11 01:36:16 +0000 2018,0.0,1.0,0.0,137,@CBS
0.5267,Wed Apr 11 01:35:24 +0000 2018,0.0,0.848,0.152,138,@CBS
0.5719,Wed Apr 11 01:30:21 +0000 2018,0.0,0.709,0.291,139,@CBS
0.8779,Wed Apr 11 01:28:02 +0000 2018,0.0,0.653,0.347,140,@CBS
0.0,Wed Apr 11 01:23:10 +0000 2018,0.0,1.0,0.0,141,@CBS
0.9042,Wed Apr 11 01:18:48 +0000 2018,0.0,0.567,0.433,142,@CBS
0.0,Wed Apr 11 01:05:50 +0000 2018,0.0,1.0,0.0,143,@CBS
0.7269,Wed Apr 11 01:05:42 +0000 2018,0.0,0.711,0.289,144,@CBS
0.4404,Wed Apr 11 01:01:55 +0000 2018,0.0,0.707,0.293,145,@CBS
0.4199,Wed Apr 11 00:59:36 +0000 2018,0.0,0.823,0.177,146,@CBS
0.1867,Tue Apr 10 23:53:30 +0000 2018,0.0,0.907,0.093,147,@CBS
0.0,Tue Apr 10 23:19:45 +0000 2018,0.0,1.0,0.0,148,@CBS
0.6124,Tue Apr 10 19:00:03 +0000 2018,0.064,0.688,0.248,149,@CBS
0.6976,Tue Apr 10 15:30:00 +0000 2018,0.0,0.747,0.253,150,@CBS
0.6597,Mon Apr 09 20:00:00 +0000 2018,0.0,0.779,0.221,151,@CBS
0.0,Mon Apr 09 17:29:47 +0000 2018,0.0,1.0,0.0,152,@CBS
0.0,Mon Apr 09 17:00:02 +0000 2018,0.0,1.0,0.0,153,@CBS
0.2732,Mon Apr 09 15:00:00 +0000 2018,0.086,0.784,0.129,154,@CBS
0.6239,Mon Apr 09 13:36:00 +0000 2018,0.0,0.786,0.214,155,@CBS
0.6467,Mon Apr 09 01:42:06 +0000 2018,0.0,0.72,0.28,156,@CBS
0.7096,Sun Apr 08 22:00:01 +0000 2018,0.0,0.742,0.258,157,@CBS
0.5562,Sun Apr 08 18:38:13 +0000 2018,0.0,0.854,0.146,158,@CBS
0.4199,Sun Apr 08 15:00:00 +0000 2018,0.0,0.892,0.108,159,@CBS
0.6696,Sat Apr 07 19:35:08 +0000 2018,0.0,0.817,0.183,160,@CBS
0.0,Sat Apr 07 18:28:03 +0000 2018,0.0,1.0,0.0,161,@CBS
0.3612,Sat Apr 07 16:30:02 +0000 2018,0.0,0.894,0.106,162,@CBS
0.0,Sat Apr 07 15:31:12 +0000 2018,0.0,1.0,0.0,163,@CBS
0.0,Fri Apr 06 21:10:18 +0000 2018,0.0,1.0,0.0,164,@CBS
0.0,Fri Apr 06 17:00:00 +0000 2018,0.0,1.0,0.0,165,@CBS
0.0,Fri Apr 06 13:45:00 +0000 2018,0.0,1.0,0.0,166,@CBS
0.5859,Thu Apr 05 21:44:00 +0000 2018,0.0,0.806,0.194,167,@CBS
0.6597,Thu Apr 05 19:07:48 +0000 2018,0.0,0.759,0.241,168,@CBS
-0.3875,Thu Apr 05 17:00:00 +0000 2018,0.157,0.769,0.074,169,@CBS
0.807,Wed Apr 04 22:07:01 +0000 2018,0.0,0.687,0.313,170,@CBS
0.7568,Wed Apr 04 21:48:07 +0000 2018,0.0,0.712,0.288,171,@CBS
0.8495,Wed Apr 04 21:47:26 +0000 2018,0.0,0.634,0.366,172,@CBS
0.4926,Wed Apr 04 21:46:13 +0000 2018,0.0,0.803,0.197,173,@CBS
-0.3182,Wed Apr 04 21:44:17 +0000 2018,0.095,0.905,0.0,174,@CBS
-0.25,Wed Apr 04 18:02:13 +0000 2018,0.133,0.867,0.0,175,@CBS
0.0,Tue Apr 03 23:00:00 +0000 2018,0.0,1.0,0.0,176,@CBS
0.0,Tue Apr 03 21:00:02 +0000 2018,0.0,1.0,0.0,177,@CBS
0.7096,Tue Apr 03 18:00:00 +0000 2018,0.0,0.742,0.258,178,@CBS
0.7906,Tue Apr 03 05:17:01 +0000 2018,0.0,0.579,0.421,179,@CBS
0.1513,Mon Apr 02 17:30:00 +0000 2018,0.092,0.792,0.116,180,@CBS
0.6486,Sun Apr 01 17:00:03 +0000 2018,0.0,0.798,0.202,181,@CBS
0.0,Sat Mar 31 18:00:00 +0000 2018,0.0,1.0,0.0,182,@CBS
0.4199,Sat Mar 31 15:30:00 +0000 2018,0.0,0.887,0.113,183,@CBS
0.4926,Fri Mar 30 16:50:00 +0000 2018,0.0,0.873,0.127,184,@CBS
0.0,Thu Mar 29 17:32:40 +0000 2018,0.0,1.0,0.0,185,@CBS
0.0,Thu Mar 29 17:30:02 +0000 2018,0.0,1.0,0.0,186,@CBS
0.3818,Tue Mar 27 21:00:01 +0000 2018,0.108,0.68,0.212,187,@CBS
0.296,Tue Mar 27 17:00:00 +0000 2018,0.0,0.901,0.099,188,@CBS
0.508,Mon Mar 26 22:14:25 +0000 2018,0.0,0.88,0.12,189,@CBS
0.0,Mon Mar 26 20:42:48 +0000 2018,0.0,1.0,0.0,190,@CBS
0.7959,Mon Mar 26 16:59:19 +0000 2018,0.0,0.786,0.214,191,@CBS
0.807,Mon Mar 26 16:05:18 +0000 2018,0.0,0.622,0.378,192,@CBS
0.0,Sun Mar 25 23:57:34 +0000 2018,0.0,1.0,0.0,193,@CBS
0.5319,Sun Mar 25 17:15:25 +0000 2018,0.062,0.78,0.157,194,@CBS
0.5399,Sat Mar 24 22:46:53 +0000 2018,0.0,0.801,0.199,195,@CBS
-0.34,Sat Mar 24 22:46:43 +0000 2018,0.185,0.7,0.115,196,@CBS
0.7003,Sat Mar 24 22:25:03 +0000 2018,0.0,0.791,0.209,197,@CBS
0.0,Sat Mar 24 22:21:37 +0000 2018,0.0,1.0,0.0,198,@CBS
0.0,Sat Mar 24 22:21:34 +0000 2018,0.0,1.0,0.0,199,@CBS
0.7184,Sat Mar 24 22:21:26 +0000 2018,0.0,0.667,0.333,200,@CBS
-0.128,Thu Apr 12 01:31:49 +0000 2018,0.16,0.704,0.136,201,@CNN
0.0,Thu Apr 12 01:25:57 +0000 2018,0.0,1.0,0.0,202,@CNN
-0.3818,Thu Apr 12 01:17:26 +0000 2018,0.12,0.88,0.0,203,@CNN
0.2263,Thu Apr 12 01:14:58 +0000 2018,0.0,0.909,0.091,204,@CNN
-0.4601,Thu Apr 12 01:06:29 +0000 2018,0.15,0.765,0.086,205,@CNN
0.4215,Thu Apr 12 01:04:07 +0000 2018,0.0,0.877,0.123,206,@CNN
-0.7184,Thu Apr 12 00:53:51 +0000 2018,0.24,0.76,0.0,207,@CNN
0.6486,Thu Apr 12 00:47:27 +0000 2018,0.0,0.751,0.249,208,@CNN
-0.6249,Thu Apr 12 00:42:34 +0000 2018,0.186,0.814,0.0,209,@CNN
-0.1531,Thu Apr 12 00:25:54 +0000 2018,0.113,0.802,0.085,210,@CNN
0.0,Thu Apr 12 00:25:03 +0000 2018,0.0,1.0,0.0,211,@CNN
0.7269,Thu Apr 12 00:12:48 +0000 2018,0.0,0.775,0.225,212,@CNN
-0.34,Thu Apr 12 00:03:40 +0000 2018,0.107,0.893,0.0,213,@CNN
-0.5106,Thu Apr 12 00:01:01 +0000 2018,0.148,0.852,0.0,214,@CNN
0.197,Wed Apr 11 23:57:49 +0000 2018,0.101,0.726,0.173,215,@CNN
0.5267,Wed Apr 11 23:54:49 +0000 2018,0.0,0.855,0.145,216,@CNN
0.197,Wed Apr 11 23:47:16 +0000 2018,0.093,0.747,0.16,217,@CNN
-0.296,Wed Apr 11 23:38:04 +0000 2018,0.121,0.879,0.0,218,@CNN
-0.6597,Wed Apr 11 23:33:52 +0000 2018,0.227,0.773,0.0,219,@CNN
0.0,Wed Apr 11 23:25:30 +0000 2018,0.0,1.0,0.0,220,@CNN
-0.128,Thu Apr 12 01:31:49 +0000 2018,0.16,0.704,0.136,221,@CNN
0.0,Thu Apr 12 01:25:57 +0000 2018,0.0,1.0,0.0,222,@CNN
-0.3818,Thu Apr 12 01:17:26 +0000 2018,0.12,0.88,0.0,223,@CNN
0.2263,Thu Apr 12 01:14:58 +0000 2018,0.0,0.909,0.091,224,@CNN
-0.4601,Thu Apr 12 01:06:29 +0000 2018,0.15,0.765,0.086,225,@CNN
0.4215,Thu Apr 12 01:04:07 +0000 2018,0.0,0.877,0.123,226,@CNN
-0.7184,Thu Apr 12 00:53:51 +0000 2018,0.24,0.76,0.0,227,@CNN
0.6486,Thu Apr 12 00:47:27 +0000 2018,0.0,0.751,0.249,228,@CNN
-0.6249,Thu Apr 12 00:42:34 +0000 2018,0.186,0.814,0.0,229,@CNN
-0.1531,Thu Apr 12 00:25:54 +0000 2018,0.113,0.802,0.085,230,@CNN
0.0,Thu Apr 12 00:25:03 +0000 2018,0.0,1.0,0.0,231,@CNN
0.7269,Thu Apr 12 00:12:48 +0000 2018,0.0,0.775,0.225,232,@CNN
-0.34,Thu Apr 12 00:03:40 +0000 2018,0.107,0.893,0.0,233,@CNN
-0.5106,Thu Apr 12 00:01:01 +0000 2018,0.148,0.852,0.0,234,@CNN
0.197,Wed Apr 11 23:57:49 +0000 2018,0.101,0.726,0.173,235,@CNN
0.5267,Wed Apr 11 23:54:49 +0000 2018,0.0,0.855,0.145,236,@CNN
0.197,Wed Apr 11 23:47:16 +0000 2018,0.093,0.747,0.16,237,@CNN
-0.296,Wed Apr 11 23:38:04 +0000 2018,0.121,0.879,0.0,238,@CNN
-0.6597,Wed Apr 11 23:33:52 +0000 2018,0.227,0.773,0.0,239,@CNN
0.0,Wed Apr 11 23:25:30 +0000 2018,0.0,1.0,0.0,240,@CNN
-0.34,Wed Apr 11 23:23:32 +0000 2018,0.112,0.888,0.0,241,@CNN
0.4215,Wed Apr 11 23:17:16 +0000 2018,0.0,0.865,0.135,242,@CNN
-0.5423,Wed Apr 11 23:01:06 +0000 2018,0.143,0.857,0.0,243,@CNN
-0.7184,Wed Apr 11 22:56:09 +0000 2018,0.3,0.7,0.0,244,@CNN
0.0,Wed Apr 11 22:51:05 +0000 2018,0.107,0.786,0.107,245,@CNN
-0.3612,Wed Apr 11 22:48:02 +0000 2018,0.128,0.872,0.0,246,@CNN
-0.7579,Wed Apr 11 22:46:07 +0000 2018,0.289,0.711,0.0,247,@CNN
-0.6858,Wed Apr 11 22:41:06 +0000 2018,0.229,0.771,0.0,248,@CNN
0.1531,Wed Apr 11 22:36:08 +0000 2018,0.0,0.852,0.148,249,@CNN
0.4588,Wed Apr 11 22:31:09 +0000 2018,0.0,0.857,0.143,250,@CNN
-0.7845,Wed Apr 11 22:26:31 +0000 2018,0.33,0.562,0.109,251,@CNN
0.128,Wed Apr 11 22:24:25 +0000 2018,0.0,0.903,0.097,252,@CNN
-0.1027,Wed Apr 11 22:23:02 +0000 2018,0.08,0.92,0.0,253,@CNN
0.0,Wed Apr 11 22:20:18 +0000 2018,0.0,1.0,0.0,254,@CNN
-0.296,Wed Apr 11 22:18:03 +0000 2018,0.115,0.885,0.0,255,@CNN
-0.5719,Wed Apr 11 22:14:03 +0000 2018,0.207,0.793,0.0,256,@CNN
0.0,Wed Apr 11 22:06:25 +0000 2018,0.0,1.0,0.0,257,@CNN
-0.4013,Wed Apr 11 22:00:52 +0000 2018,0.109,0.891,0.0,258,@CNN
0.0,Wed Apr 11 21:56:41 +0000 2018,0.0,1.0,0.0,259,@CNN
0.0,Wed Apr 11 21:47:43 +0000 2018,0.0,1.0,0.0,260,@CNN
0.1406,Wed Apr 11 21:28:04 +0000 2018,0.0,0.928,0.072,261,@CNN
-0.5574,Wed Apr 11 21:26:12 +0000 2018,0.194,0.806,0.0,262,@CNN
0.0,Wed Apr 11 21:22:03 +0000 2018,0.0,1.0,0.0,263,@CNN
0.0,Wed Apr 11 21:14:17 +0000 2018,0.0,1.0,0.0,264,@CNN
0.0,Wed Apr 11 21:09:26 +0000 2018,0.0,1.0,0.0,265,@CNN
0.0,Wed Apr 11 21:06:45 +0000 2018,0.0,1.0,0.0,266,@CNN
-0.296,Wed Apr 11 21:03:29 +0000 2018,0.099,0.901,0.0,267,@CNN
0.3818,Wed Apr 11 20:56:13 +0000 2018,0.0,0.86,0.14,268,@CNN
0.1027,Wed Apr 11 20:53:15 +0000 2018,0.138,0.672,0.19,269,@CNN
0.0,Wed Apr 11 20:46:38 +0000 2018,0.0,1.0,0.0,270,@CNN
0.0,Wed Apr 11 20:43:27 +0000 2018,0.0,1.0,0.0,271,@CNN
0.0,Wed Apr 11 20:39:42 +0000 2018,0.0,1.0,0.0,272,@CNN
0.0,Wed Apr 11 20:19:16 +0000 2018,0.0,1.0,0.0,273,@CNN
0.0,Wed Apr 11 20:05:25 +0000 2018,0.0,1.0,0.0,274,@CNN
0.0,Wed Apr 11 19:53:26 +0000 2018,0.0,1.0,0.0,275,@CNN
-0.9022,Wed Apr 11 19:48:52 +0000 2018,0.416,0.584,0.0,276,@CNN
0.4215,Wed Apr 11 19:37:29 +0000 2018,0.0,0.859,0.141,277,@CNN
0.0,Wed Apr 11 19:28:17 +0000 2018,0.0,1.0,0.0,278,@CNN
0.0,Wed Apr 11 19:26:40 +0000 2018,0.0,1.0,0.0,279,@CNN
0.0,Wed Apr 11 19:12:37 +0000 2018,0.0,1.0,0.0,280,@CNN
0.0,Wed Apr 11 19:00:02 +0000 2018,0.0,1.0,0.0,281,@CNN
0.431,Wed Apr 11 18:50:57 +0000 2018,0.0,0.87,0.13,282,@CNN
-0.5106,Wed Apr 11 18:42:52 +0000 2018,0.202,0.798,0.0,283,@CNN
0.5106,Wed Apr 11 18:32:44 +0000 2018,0.0,0.829,0.171,284,@CNN
0.0,Wed Apr 11 18:23:28 +0000 2018,0.097,0.806,0.097,285,@CNN
0.0516,Wed Apr 11 18:21:36 +0000 2018,0.142,0.752,0.106,286,@CNN
-0.4588,Wed Apr 11 18:20:05 +0000 2018,0.222,0.778,0.0,287,@CNN
-0.296,Wed Apr 11 18:10:03 +0000 2018,0.115,0.885,0.0,288,@CNN
0.0,Wed Apr 11 18:00:10 +0000 2018,0.0,1.0,0.0,289,@CNN
0.1531,Wed Apr 11 17:50:10 +0000 2018,0.129,0.759,0.112,290,@CNN
0.4939,Wed Apr 11 17:40:11 +0000 2018,0.0,0.842,0.158,291,@CNN
-0.4767,Wed Apr 11 17:30:15 +0000 2018,0.134,0.866,0.0,292,@CNN
0.0,Wed Apr 11 17:21:23 +0000 2018,0.0,1.0,0.0,293,@CNN
-0.5267,Wed Apr 11 17:11:09 +0000 2018,0.175,0.825,0.0,294,@CNN
-0.0516,Wed Apr 11 17:01:38 +0000 2018,0.184,0.677,0.139,295,@CNN
0.0,Wed Apr 11 16:52:23 +0000 2018,0.0,1.0,0.0,296,@CNN
-0.5574,Wed Apr 11 16:40:03 +0000 2018,0.175,0.825,0.0,297,@CNN
-0.34,Wed Apr 11 16:30:11 +0000 2018,0.146,0.854,0.0,298,@CNN
0.4019,Wed Apr 11 16:19:42 +0000 2018,0.0,0.863,0.137,299,@CNN
0.296,Wed Apr 11 16:10:44 +0000 2018,0.0,0.872,0.128,300,@CNN
0.0,Thu Apr 12 01:26:17 +0000 2018,0.0,1.0,0.0,301,@Fox
0.0,Thu Apr 12 00:55:12 +0000 2018,0.0,1.0,0.0,302,@Fox
0.0,Thu Apr 12 00:52:03 +0000 2018,0.0,1.0,0.0,303,@Fox
-0.6174,Thu Apr 12 00:46:54 +0000 2018,0.224,0.776,0.0,304,@Fox
0.6369,Thu Apr 12 00:45:49 +0000 2018,0.0,0.828,0.172,305,@Fox
0.0,Thu Apr 12 00:45:07 +0000 2018,0.0,1.0,0.0,306,@Fox
0.5023,Thu Apr 12 00:44:53 +0000 2018,0.052,0.817,0.131,307,@Fox
-0.8479,Wed Apr 11 23:57:24 +0000 2018,0.45,0.55,0.0,308,@Fox
0.5267,Wed Apr 11 23:44:49 +0000 2018,0.048,0.806,0.145,309,@Fox
0.3612,Wed Apr 11 23:42:12 +0000 2018,0.0,0.857,0.143,310,@Fox
0.0,Wed Apr 11 23:29:18 +0000 2018,0.0,1.0,0.0,311,@Fox
0.1531,Wed Apr 11 23:10:39 +0000 2018,0.107,0.759,0.134,312,@Fox
0.0,Wed Apr 11 23:05:41 +0000 2018,0.0,1.0,0.0,313,@Fox
0.7783,Wed Apr 11 22:48:12 +0000 2018,0.0,0.625,0.375,314,@Fox
0.9052,Wed Apr 11 22:28:23 +0000 2018,0.0,0.471,0.529,315,@Fox
-0.1531,Wed Apr 11 22:24:27 +0000 2018,0.082,0.918,0.0,316,@Fox
0.3612,Wed Apr 11 22:23:38 +0000 2018,0.0,0.878,0.122,317,@Fox
0.7269,Wed Apr 11 22:21:02 +0000 2018,0.0,0.647,0.353,318,@Fox
0.0,Wed Apr 11 22:18:44 +0000 2018,0.0,1.0,0.0,319,@Fox
0.0,Wed Apr 11 22:17:28 +0000 2018,0.0,1.0,0.0,320,@Fox
0.0,Thu Apr 12 01:26:17 +0000 2018,0.0,1.0,0.0,321,@Fox
0.0,Thu Apr 12 00:55:12 +0000 2018,0.0,1.0,0.0,322,@Fox
0.0,Thu Apr 12 00:52:03 +0000 2018,0.0,1.0,0.0,323,@Fox
-0.6174,Thu Apr 12 00:46:54 +0000 2018,0.224,0.776,0.0,324,@Fox
0.6369,Thu Apr 12 00:45:49 +0000 2018,0.0,0.828,0.172,325,@Fox
0.0,Thu Apr 12 00:45:07 +0000 2018,0.0,1.0,0.0,326,@Fox
0.5023,Thu Apr 12 00:44:53 +0000 2018,0.052,0.817,0.131,327,@Fox
-0.8479,Wed Apr 11 23:57:24 +0000 2018,0.45,0.55,0.0,328,@Fox
0.5267,Wed Apr 11 23:44:49 +0000 2018,0.048,0.806,0.145,329,@Fox
0.3612,Wed Apr 11 23:42:12 +0000 2018,0.0,0.857,0.143,330,@Fox
0.0,Wed Apr 11 23:29:18 +0000 2018,0.0,1.0,0.0,331,@Fox
0.1531,Wed Apr 11 23:10:39 +0000 2018,0.107,0.759,0.134,332,@Fox
0.0,Wed Apr 11 23:05:41 +0000 2018,0.0,1.0,0.0,333,@Fox
0.7783,Wed Apr 11 22:48:12 +0000 2018,0.0,0.625,0.375,334,@Fox
0.9052,Wed Apr 11 22:28:23 +0000 2018,0.0,0.471,0.529,335,@Fox
-0.1531,Wed Apr 11 22:24:27 +0000 2018,0.082,0.918,0.0,336,@Fox
0.3612,Wed Apr 11 22:23:38 +0000 2018,0.0,0.878,0.122,337,@Fox
0.7269,Wed Apr 11 22:21:02 +0000 2018,0.0,0.647,0.353,338,@Fox
0.0,Wed Apr 11 22:18:44 +0000 2018,0.0,1.0,0.0,339,@Fox
0.0,Wed Apr 11 22:17:28 +0000 2018,0.0,1.0,0.0,340,@Fox
0.0,Wed Apr 11 22:15:40 +0000 2018,0.0,1.0,0.0,341,@Fox
0.0,Wed Apr 11 22:11:59 +0000 2018,0.0,1.0,0.0,342,@Fox
0.4019,Wed Apr 11 22:10:17 +0000 2018,0.0,0.828,0.172,343,@Fox
-0.1027,Wed Apr 11 22:09:36 +0000 2018,0.072,0.928,0.0,344,@Fox
-0.5621,Wed Apr 11 22:08:57 +0000 2018,0.214,0.786,0.0,345,@Fox
0.0,Wed Apr 11 22:06:07 +0000 2018,0.0,1.0,0.0,346,@Fox
0.2228,Wed Apr 11 22:05:37 +0000 2018,0.114,0.701,0.184,347,@Fox
-0.7875,Wed Apr 11 22:04:04 +0000 2018,0.385,0.547,0.068,348,@Fox
0.0,Wed Apr 11 22:02:55 +0000 2018,0.0,1.0,0.0,349,@Fox
0.0,Wed Apr 11 22:01:41 +0000 2018,0.0,1.0,0.0,350,@Fox
0.5106,Wed Apr 11 21:59:41 +0000 2018,0.0,0.765,0.235,351,@Fox
0.0,Wed Apr 11 21:59:04 +0000 2018,0.0,1.0,0.0,352,@Fox
0.0,Wed Apr 11 21:56:19 +0000 2018,0.0,1.0,0.0,353,@Fox
0.7901,Wed Apr 11 21:54:42 +0000 2018,0.0,0.65,0.35,354,@Fox
0.0,Wed Apr 11 21:53:55 +0000 2018,0.0,1.0,0.0,355,@Fox
0.0,Wed Apr 11 21:46:54 +0000 2018,0.0,1.0,0.0,356,@Fox
0.6369,Wed Apr 11 21:42:48 +0000 2018,0.0,0.543,0.457,357,@Fox
0.0,Wed Apr 11 21:42:28 +0000 2018,0.0,1.0,0.0,358,@Fox
0.4199,Wed Apr 11 21:33:23 +0000 2018,0.0,0.518,0.482,359,@Fox
0.0,Wed Apr 11 21:32:16 +0000 2018,0.0,1.0,0.0,360,@Fox
0.0,Wed Apr 11 21:30:27 +0000 2018,0.0,1.0,0.0,361,@Fox
0.5859,Wed Apr 11 21:26:46 +0000 2018,0.0,0.789,0.211,362,@Fox
-0.443,Wed Apr 11 21:26:01 +0000 2018,0.257,0.642,0.1,363,@Fox
0.4215,Wed Apr 11 21:25:15 +0000 2018,0.0,0.781,0.219,364,@Fox
0.0,Wed Apr 11 21:21:43 +0000 2018,0.0,1.0,0.0,365,@Fox
0.296,Wed Apr 11 21:18:00 +0000 2018,0.0,0.82,0.18,366,@Fox
-0.4019,Wed Apr 11 21:15:20 +0000 2018,0.13,0.87,0.0,367,@Fox
0.0,Wed Apr 11 21:13:42 +0000 2018,0.0,1.0,0.0,368,@Fox
0.8833,Wed Apr 11 21:13:39 +0000 2018,0.0,0.28,0.72,369,@Fox
-0.1007,Wed Apr 11 21:12:29 +0000 2018,0.211,0.537,0.251,370,@Fox
0.4588,Wed Apr 11 20:48:32 +0000 2018,0.0,0.625,0.375,371,@Fox
0.3384,Wed Apr 11 20:47:06 +0000 2018,0.092,0.757,0.151,372,@Fox
0.25,Wed Apr 11 20:44:50 +0000 2018,0.08,0.798,0.122,373,@Fox
0.0,Wed Apr 11 20:43:05 +0000 2018,0.0,1.0,0.0,374,@Fox
0.5093,Wed Apr 11 20:42:50 +0000 2018,0.0,0.82,0.18,375,@Fox
0.0,Wed Apr 11 20:41:17 +0000 2018,0.0,1.0,0.0,376,@Fox
0.4199,Wed Apr 11 20:38:02 +0000 2018,0.0,0.417,0.583,377,@Fox
0.4019,Wed Apr 11 10:31:04 +0000 2018,0.0,0.787,0.213,378,@Fox
-0.4767,Wed Apr 11 10:30:25 +0000 2018,0.22,0.78,0.0,379,@Fox
-0.8591,Wed Apr 11 10:19:37 +0000 2018,0.429,0.571,0.0,380,@Fox
0.7906,Wed Apr 11 10:12:18 +0000 2018,0.0,0.68,0.32,381,@Fox
-0.6048,Wed Apr 11 09:56:56 +0000 2018,0.269,0.612,0.119,382,@Fox
0.5081,Wed Apr 11 09:44:42 +0000 2018,0.0,0.378,0.622,383,@Fox
0.4019,Wed Apr 11 09:24:22 +0000 2018,0.159,0.573,0.268,384,@Fox
0.0,Wed Apr 11 09:01:11 +0000 2018,0.0,1.0,0.0,385,@Fox
0.5574,Wed Apr 11 09:00:28 +0000 2018,0.0,0.805,0.195,386,@Fox
0.2382,Wed Apr 11 08:59:31 +0000 2018,0.0,0.897,0.103,387,@Fox
0.0,Wed Apr 11 08:54:05 +0000 2018,0.0,1.0,0.0,388,@Fox
0.7579,Wed Apr 11 08:53:17 +0000 2018,0.0,0.667,0.333,389,@Fox
0.0,Wed Apr 11 08:51:35 +0000 2018,0.0,1.0,0.0,390,@Fox
0.6575,Wed Apr 11 08:49:53 +0000 2018,0.0,0.672,0.328,391,@Fox
0.3612,Wed Apr 11 08:49:08 +0000 2018,0.0,0.837,0.163,392,@Fox
0.0,Wed Apr 11 08:39:47 +0000 2018,0.0,1.0,0.0,393,@Fox
0.3254,Wed Apr 11 08:20:05 +0000 2018,0.131,0.657,0.211,394,@Fox
0.7088,Wed Apr 11 08:04:32 +0000 2018,0.0,0.604,0.396,395,@Fox
0.2596,Wed Apr 11 08:02:29 +0000 2018,0.108,0.734,0.159,396,@Fox
-0.2263,Wed Apr 11 08:00:26 +0000 2018,0.209,0.667,0.124,397,@Fox
0.0,Wed Apr 11 07:58:56 +0000 2018,0.0,1.0,0.0,398,@Fox
0.0,Wed Apr 11 07:54:56 +0000 2018,0.0,1.0,0.0,399,@Fox
0.5499,Wed Apr 11 07:50:10 +0000 2018,0.0,0.785,0.215,400,@Fox
0.0772,Thu Apr 12 01:32:03 +0000 2018,0.0,0.939,0.061,401,@NYTimes
-0.1027,Thu Apr 12 01:17:01 +0000 2018,0.105,0.806,0.089,402,@NYTimes
0.0,Thu Apr 12 01:02:05 +0000 2018,0.0,1.0,0.0,403,@NYTimes
0.0,Thu Apr 12 00:47:04 +0000 2018,0.0,1.0,0.0,404,@NYTimes
0.0,Thu Apr 12 00:32:06 +0000 2018,0.0,1.0,0.0,405,@NYTimes
0.0,Thu Apr 12 00:17:05 +0000 2018,0.0,1.0,0.0,406,@NYTimes
0.0,Thu Apr 12 00:02:08 +0000 2018,0.0,1.0,0.0,407,@NYTimes
0.5267,Wed Apr 11 23:47:06 +0000 2018,0.0,0.794,0.206,408,@NYTimes
0.0,Wed Apr 11 23:32:06 +0000 2018,0.0,1.0,0.0,409,@NYTimes
0.0,Wed Apr 11 23:17:03 +0000 2018,0.0,1.0,0.0,410,@NYTimes
-0.6808,Wed Apr 11 23:02:03 +0000 2018,0.255,0.677,0.068,411,@NYTimes
0.0,Wed Apr 11 22:47:01 +0000 2018,0.0,1.0,0.0,412,@NYTimes
-0.34,Wed Apr 11 22:32:04 +0000 2018,0.195,0.699,0.107,413,@NYTimes
0.0,Wed Apr 11 22:17:01 +0000 2018,0.0,1.0,0.0,414,@NYTimes
0.0,Wed Apr 11 22:01:03 +0000 2018,0.0,1.0,0.0,415,@NYTimes
0.5859,Wed Apr 11 21:46:05 +0000 2018,0.0,0.714,0.286,416,@NYTimes
0.0,Wed Apr 11 21:31:04 +0000 2018,0.0,1.0,0.0,417,@NYTimes
-0.296,Wed Apr 11 21:16:07 +0000 2018,0.155,0.845,0.0,418,@NYTimes
0.3885,Wed Apr 11 21:03:04 +0000 2018,0.0,0.832,0.168,419,@NYTimes
0.6249,Wed Apr 11 21:01:06 +0000 2018,0.0,0.788,0.212,420,@NYTimes
0.0772,Thu Apr 12 01:32:03 +0000 2018,0.0,0.939,0.061,421,@NYTimes
-0.1027,Thu Apr 12 01:17:01 +0000 2018,0.105,0.806,0.089,422,@NYTimes
0.0,Thu Apr 12 01:02:05 +0000 2018,0.0,1.0,0.0,423,@NYTimes
0.0,Thu Apr 12 00:47:04 +0000 2018,0.0,1.0,0.0,424,@NYTimes
0.0,Thu Apr 12 00:32:06 +0000 2018,0.0,1.0,0.0,425,@NYTimes
0.0,Thu Apr 12 00:17:05 +0000 2018,0.0,1.0,0.0,426,@NYTimes
0.0,Thu Apr 12 00:02:08 +0000 2018,0.0,1.0,0.0,427,@NYTimes
0.5267,Wed Apr 11 23:47:06 +0000 2018,0.0,0.794,0.206,428,@NYTimes
0.0,Wed Apr 11 23:32:06 +0000 2018,0.0,1.0,0.0,429,@NYTimes
0.0,Wed Apr 11 23:17:03 +0000 2018,0.0,1.0,0.0,430,@NYTimes
-0.6808,Wed Apr 11 23:02:03 +0000 2018,0.255,0.677,0.068,431,@NYTimes
0.0,Wed Apr 11 22:47:01 +0000 2018,0.0,1.0,0.0,432,@NYTimes
-0.34,Wed Apr 11 22:32:04 +0000 2018,0.195,0.699,0.107,433,@NYTimes
0.0,Wed Apr 11 22:17:01 +0000 2018,0.0,1.0,0.0,434,@NYTimes
0.0,Wed Apr 11 22:01:03 +0000 2018,0.0,1.0,0.0,435,@NYTimes
0.5859,Wed Apr 11 21:46:05 +0000 2018,0.0,0.714,0.286,436,@NYTimes
0.0,Wed Apr 11 21:31:04 +0000 2018,0.0,1.0,0.0,437,@NYTimes
-0.296,Wed Apr 11 21:16:07 +0000 2018,0.155,0.845,0.0,438,@NYTimes
0.3885,Wed Apr 11 21:03:04 +0000 2018,0.0,0.832,0.168,439,@NYTimes
0.6249,Wed Apr 11 21:01:06 +0000 2018,0.0,0.788,0.212,440,@NYTimes
0.3182,Wed Apr 11 20:46:04 +0000 2018,0.0,0.827,0.173,441,@NYTimes
-0.4767,Wed Apr 11 20:31:04 +0000 2018,0.162,0.838,0.0,442,@NYTimes
0.0,Wed Apr 11 20:20:07 +0000 2018,0.0,1.0,0.0,443,@NYTimes
0.0,Wed Apr 11 20:11:04 +0000 2018,0.0,1.0,0.0,444,@NYTimes
0.0,Wed Apr 11 20:01:01 +0000 2018,0.0,1.0,0.0,445,@NYTimes
-0.3612,Wed Apr 11 19:46:09 +0000 2018,0.135,0.865,0.0,446,@NYTimes
0.4215,Wed Apr 11 19:24:04 +0000 2018,0.0,0.899,0.101,447,@NYTimes
0.0,Wed Apr 11 19:00:29 +0000 2018,0.0,1.0,0.0,448,@NYTimes
-0.2023,Wed Apr 11 18:46:04 +0000 2018,0.108,0.819,0.073,449,@NYTimes
0.3254,Wed Apr 11 18:37:20 +0000 2018,0.0,0.9,0.1,450,@NYTimes
0.0,Wed Apr 11 18:31:43 +0000 2018,0.0,1.0,0.0,451,@NYTimes
0.0,Wed Apr 11 18:20:16 +0000 2018,0.0,1.0,0.0,452,@NYTimes
0.0,Wed Apr 11 18:16:04 +0000 2018,0.0,1.0,0.0,453,@NYTimes
0.1531,Wed Apr 11 18:01:05 +0000 2018,0.104,0.769,0.127,454,@NYTimes
0.0,Wed Apr 11 17:46:05 +0000 2018,0.0,1.0,0.0,455,@NYTimes
-0.5423,Wed Apr 11 17:31:07 +0000 2018,0.28,0.72,0.0,456,@NYTimes
0.0,Wed Apr 11 17:16:06 +0000 2018,0.0,1.0,0.0,457,@NYTimes
-0.6652,Wed Apr 11 17:06:47 +0000 2018,0.19,0.81,0.0,458,@NYTimes
-0.9062,Wed Apr 11 17:01:01 +0000 2018,0.373,0.627,0.0,459,@NYTimes
0.0,Wed Apr 11 16:46:05 +0000 2018,0.0,1.0,0.0,460,@NYTimes
0.0772,Wed Apr 11 16:31:04 +0000 2018,0.0,0.933,0.067,461,@NYTimes
-0.2263,Wed Apr 11 16:15:03 +0000 2018,0.095,0.905,0.0,462,@NYTimes
0.0,Wed Apr 11 16:12:46 +0000 2018,0.0,1.0,0.0,463,@NYTimes
-0.3182,Wed Apr 11 16:09:23 +0000 2018,0.15,0.85,0.0,464,@NYTimes
0.2263,Wed Apr 11 16:06:16 +0000 2018,0.0,0.826,0.174,465,@NYTimes
-0.8271,Wed Apr 11 16:03:13 +0000 2018,0.325,0.675,0.0,466,@NYTimes
0.5859,Wed Apr 11 16:00:17 +0000 2018,0.0,0.714,0.286,467,@NYTimes
0.5267,Wed Apr 11 15:52:54 +0000 2018,0.0,0.779,0.221,468,@NYTimes
0.0,Wed Apr 11 15:46:09 +0000 2018,0.0,1.0,0.0,469,@NYTimes
0.0,Wed Apr 11 15:31:07 +0000 2018,0.0,1.0,0.0,470,@NYTimes
0.0,Wed Apr 11 15:16:07 +0000 2018,0.0,1.0,0.0,471,@NYTimes
0.0,Wed Apr 11 15:01:01 +0000 2018,0.0,1.0,0.0,472,@NYTimes
0.357,Wed Apr 11 14:46:09 +0000 2018,0.0,0.899,0.101,473,@NYTimes
-0.0516,Wed Apr 11 14:40:25 +0000 2018,0.05,0.95,0.0,474,@NYTimes
-0.6705,Wed Apr 11 14:28:39 +0000 2018,0.209,0.791,0.0,475,@NYTimes
-0.3182,Wed Apr 11 14:10:02 +0000 2018,0.113,0.887,0.0,476,@NYTimes
0.0,Wed Apr 11 14:01:06 +0000 2018,0.0,1.0,0.0,477,@NYTimes
0.0,Wed Apr 11 13:48:55 +0000 2018,0.0,1.0,0.0,478,@NYTimes
0.0,Wed Apr 11 13:38:42 +0000 2018,0.0,1.0,0.0,479,@NYTimes
-0.5106,Wed Apr 11 13:36:42 +0000 2018,0.171,0.829,0.0,480,@NYTimes
0.0,Wed Apr 11 13:35:51 +0000 2018,0.0,1.0,0.0,481,@NYTimes
0.1531,Wed Apr 11 13:34:49 +0000 2018,0.096,0.783,0.122,482,@NYTimes
0.0,Wed Apr 11 13:26:58 +0000 2018,0.0,1.0,0.0,483,@NYTimes
0.6486,Wed Apr 11 13:24:00 +0000 2018,0.0,0.782,0.218,484,@NYTimes
0.0,Wed Apr 11 13:22:15 +0000 2018,0.0,1.0,0.0,485,@NYTimes
0.0,Wed Apr 11 13:19:57 +0000 2018,0.0,1.0,0.0,486,@NYTimes
-0.3182,Wed Apr 11 13:16:50 +0000 2018,0.103,0.897,0.0,487,@NYTimes
0.0,Wed Apr 11 13:14:27 +0000 2018,0.0,1.0,0.0,488,@NYTimes
-0.2263,Wed Apr 11 13:11:56 +0000 2018,0.16,0.84,0.0,489,@NYTimes
0.0,Wed Apr 11 13:08:17 +0000 2018,0.0,1.0,0.0,490,@NYTimes
-0.34,Wed Apr 11 12:59:13 +0000 2018,0.124,0.876,0.0,491,@NYTimes
0.4019,Wed Apr 11 12:46:01 +0000 2018,0.0,0.876,0.124,492,@NYTimes
0.0,Wed Apr 11 12:31:04 +0000 2018,0.0,1.0,0.0,493,@NYTimes
0.4404,Wed Apr 11 12:22:05 +0000 2018,0.0,0.873,0.127,494,@NYTimes
0.0772,Wed Apr 11 12:08:05 +0000 2018,0.089,0.81,0.101,495,@NYTimes
0.7906,Wed Apr 11 11:55:05 +0000 2018,0.0,0.667,0.333,496,@NYTimes
0.1779,Wed Apr 11 11:49:45 +0000 2018,0.088,0.795,0.117,497,@NYTimes
0.2023,Wed Apr 11 11:43:45 +0000 2018,0.199,0.548,0.253,498,@NYTimes
0.0,Wed Apr 11 11:42:02 +0000 2018,0.0,1.0,0.0,499,@NYTimes
-0.34,Wed Apr 11 11:30:09 +0000 2018,0.124,0.876,0.0,500,@NYTimes
